{
  "id": "pf2e-yolos-trickster-class",
  "title": "PF2e Yolo's Trickster Class2",
  "version": "1.0.0",
  "compatibility": {
    "minimum": "12",
    "verified": "12"
  },
  "authors": [
    {
      "name": "Yolanislas",
      "flags": {}
    }
  ],
  "packs": [
    {
      "name": "pf2e-trickster-class",
      "label": "PF2e Trickster Class",
      "path": "packs/pf2e-trickster-class",
      "type": "Item",
      "system": "pf2e",
      "ownership": {
        "PLAYER": "OBSERVER",
        "ASSISTANT": "OWNER"
      }
    },
    {
      "name": "cards",
      "label": "Cards",
      "path": "packs/cards",
      "type": "Cards",
      "system": "pf2e",
      "ownership": {
        "PLAYER": "OBSERVER",
        "ASSISTANT": "OWNER"
      }
    }
  ],
  "flags": {
    "pf2e-yolos-trickster-class": {
      "pf2e-homebrew": {
        "featTraits": {
          "Trickster": {
            "label": "Trickster",
            "description": "Trickster class"
          },
          "cheat": {
            "label": "cheat",
            "description": "A cheat action often allows you to break the rules of fortune for greater benefits."
          }
        }
      }
    }
  }
}